UDI,Machine ID,Type,Air temperature [K],Process temperature [K],Rotational speed [rpm],Torque [Nm],Tool wear [min],Machine failure,TWF,HDF,PWF,OSF,RNF,Machine Name,Vibration [mm/s]
194,LM-02R4,M,300.5890468403124,307.840449304518,1533.2040672099918,50.15021681343796,10.760223243015549,1,0,0,0,0,0,Lathe Machine-02,1.52635860186875
471,BC-02R7,H,302.4179605592878,309.71674731284793,1488.6085367721278,36.99854955680247,72.26524282788411,1,0,0,0,0,0,BOF Converter-02,1.6354766156577134
407,LM-03R8,M,305.05132469323405,304.9943313406988,1381.929114582235,50.28047695656323,141.15406937480847,0,0,0,1,0,0,Lathe Machine-03,1.3048880233059388
106,CB-02R3,L,303.6526180018889,313.5765574627078,1340.4491756344437,59.19801475666795,176.6765240862402,1,0,0,0,0,0,Conveyor Belt-02,2.2674088322615757
181,CM-04R4,M,302.0538345922605,311.8344877437641,1478.3893075908115,49.062560675276124,82.28927168466993,1,0,0,0,0,0,CNC Machine-04,1.2150268151325399
226,MM-01R5,L,301.1688693026109,311.686852137743,1565.3667008134212,41.90027773009199,65.1963767259035,1,0,0,0,0,0,Milling Machine-01,0.5482733249315894
130,LK-01R2,H,303.76615395590665,312.7893125771927,1313.6543627430065,63.99033097717566,100.33570633143961,0,0,1,1,0,0,Lime Kiln-01,3.9438105838833217
394,CRM-01R8,M,298.43184008375,310.9596682061137,1438.428640131151,48.65412243717222,15.485630310168995,1,0,0,0,0,0,Cold Rolling Mill-01,0.7301563028780643
107,BC-02R2,H,312.61773316686504,329.3514442730296,1219.2657874025283,69.43993088423957,302.29460318479266,0,0,1,0,0,0,BOF Converter-02,7.079326506471143
198,SS-01R4,L,303.24319697811393,312.08813054903493,1388.370597507378,49.712463199941595,143.19528679265727,1,0,0,0,0,0,Scrap Shredder-01,4.0640748315377095
61,AF-02R1,M,302.3916958184003,309.62574949662456,1542.5606489465874,58.77746983160702,143.26683206182798,1,0,0,0,0,0,Annealing Furnace-02,1.4560666868061936
295,CTF-02R6,L,302.5569454626716,312.26676001644597,1349.191134025929,53.928672543250265,117.10075245120943,1,0,0,0,0,0,Cooling Tower Fan-02,0.9030801459924566
409,MM-02R8,L,304.13246745319344,312.541980938308,1168.0480331686558,59.37167498376507,196.90781401571786,1,0,0,0,0,0,Milling Machine-02,1.236702057429824
65,CM-02R2,M,298.0673015117026,309.6351162990233,1644.2987846525668,42.45685019522653,6.099409927091809,1,0,0,0,0,0,CNC Machine-02,1.0823198269228482
253,LM-03R5,M,303.5513116663688,311.46796305836915,1448.5640970814982,57.37099975342135,164.14803702287423,1,0,0,0,0,0,Lathe Machine-03,1.6939075601202145
434,LK-02R6,H,302.56132296778696,311.3635972805839,1565.2819563664098,44.4109892108121,149.24282885720302,1,0,0,0,0,0,Lime Kiln-02,2.9667532544413273
203,WPS-01R4,L,301.5883880007499,309.336594152684,1647.3559421092586,47.529890413985065,78.57851737188462,1,0,0,0,0,0,Water Pump Station-01,0.557846808653033
215,BC-02R4,M,305.0547025188556,315.3255709419192,1189.690540122272,72.87787835652858,253.44703405418224,1,0,0,0,0,0,Billet Caster-02,0.5313544478752789
500,HRM-01R8,H,300.5180208592494,309.64524200294437,1553.3358679675075,35.40116118439706,71.1348205862502,1,0,0,0,0,0,Hot Rolling Mill-01,1.8754745107057402
22,MM-03R1,L,304.8090180889356,315.0344805456031,1190.0747548117688,68.71306272573834,231.5394213675104,1,0,0,0,0,0,Milling Machine-03,1.8792186520869507
426,TL-02R6,H,304.49277478236127,314.8693968409311,1232.8948016387471,74.31926967761784,210.70087861702157,1,0,0,0,0,0,Torpedo Ladle-02,2.5022103168627474
477,TL-02R7,H,303.14120150048063,308.2604496023935,1594.4710844230854,47.158514467790795,117.09061199333459,1,0,0,0,0,0,Torpedo Ladle-02,1.39411595706903
72,GM-03R2,L,298.2028752570998,309.3297314675487,1424.3491068520511,36.02984895239281,-33.305619857000174,1,0,0,0,0,0,Grinding Machine-03,1.587174223936644
397,LM-01R8,M,297.7832224439294,307.0239325252682,1678.1196635906729,40.223165274870325,7.017580909391089,1,0,0,0,0,0,Lathe Machine-01,1.2393190881278437
121,CM-01R3,M,302.27888653055584,310.80460198831656,1449.6496444031552,47.171307296361235,140.3107166921108,1,0,0,0,0,0,CNC Machine-01,2.368873740621643
299,SS-02R6,L,303.33195764459884,313.6183255003615,1199.959579797916,64.068583626754,146.0540734437982,0,0,0,0,1,0,Scrap Shredder-02,4.60272296515352
306,WPS-01R6,L,304.72750529973604,314.2284802573637,1358.402248692197,59.10872996312748,189.95260991689977,1,0,0,0,0,0,Water Pump Station-01,1.1134388180211785
232,DP-02R5,L,300.9291079916345,309.0749694993022,1608.2450289864764,43.49167375064367,59.06740701987381,1,0,0,0,0,0,Drill Press-02,1.2585136802208856
14,CM-04R1,M,300.01878957236437,308.3078266743955,1448.987760049673,50.38963764352464,37.500949604096384,1,0,0,0,0,0,CNC Machine-04,2.4296496374683607
204,HP-01R4,M,301.88370365829417,310.05515945301784,1568.9550151715189,40.02264630163435,93.24682252723602,1,0,0,0,0,0,Hydraulic Press-01,0.27111454243330124
355,SC-02R5,H,301.57431073163525,308.5572058523397,1557.9674840183125,42.18216689766633,147.59753828180075,0,0,0,0,0,0,Slab Caster-02,0.4816574176205355
316,HP-01R6,M,300.6518919803209,312.70448366513665,1489.4295779561874,38.72054396894018,131.822558960798,0,0,0,0,0,0,Hydraulic Press-01,3.1501111367403185
99,PSU-02R2,L,302.74805986446654,309.74482525775875,1522.5523342237807,50.04489039046332,186.8195952938211,0,0,0,0,0,0,Pellet Screening Unit-02,1.6267935081510019
114,CB-04R3,L,298.40916946693625,308.21980205623703,1393.4927732451376,44.571235676459025,4.280451903823829,0,0,0,0,0,0,Conveyor Belt-04,2.0967926155449392
171,AF-01R3,M,306.88696866747705,312.14713408025,1202.3885506905197,58.64175241839388,202.87078393728666,1,1,0,0,0,0,Annealing Furnace-01,2.32328425590693
149,HP-01R3,M,300.88632122680707,309.20739297761224,1685.7124409644844,46.7739092863533,69.2823364743318,0,0,0,0,0,0,Hydraulic Press-01,1.6461629537530265
79,MM-03R2,L,306.06621093189545,321.4266510017198,1589.9526470243118,65.6248550706716,91.7387537785457,1,0,0,0,0,1,Milling Machine-03,5.1740780517276095
278,BC-02R4,H,303.4275152863125,311.7238112405606,1430.1205519732396,53.594101859251005,179.8683573718018,0,0,0,0,0,0,BOF Converter-02,1.4086780639339103
132,DP-02R3,L,303.19154344439687,311.0931751035323,1726.0809460623957,37.69445050375672,29.9846827808305,0,0,0,0,0,0,Drill Press-02,1.4936785009758236
275,BC-01R4,H,303.51593602964965,313.3785174866378,1208.314124276441,66.898633084292,201.76872380224674,0,0,0,0,0,0,BOF Converter-01,1.3147469727728496
131,LK-02R2,H,298.8120349356542,310.28154783483546,1489.7253298213172,43.410433133005675,31.708950905605654,0,0,0,0,0,0,Lime Kiln-02,0.1
67,CM-03R2,M,297.8030557092532,309.23135764407846,1570.0807414339502,44.2660969806332,-24.617400467701295,0,0,0,0,0,0,CNC Machine-03,1.5383422902143382
50,TL-02R1,H,304.6110805338861,313.10246864898227,1237.3558050775937,90.18432390280631,252.58114145135048,0,0,0,0,0,0,Torpedo Ladle-02,1.6379240378128945
287,CTF-01R6,L,303.64706397279184,312.92176281992323,1341.6834769547536,66.52854279025964,157.14721966379273,1,0,0,0,1,0,Cooling Tower Fan-01,5.124432291429492
374,BC-02R7,M,299.7414479521812,308.8344008906221,1569.9240435829588,42.09934019177734,94.92641330709262,0,0,0,0,0,0,Billet Caster-02,0.1
174,CM-01R4,M,299.7290241593846,310.99657284620685,1570.8514435728641,44.25073146382379,86.02357171028731,0,0,0,0,0,0,CNC Machine-01,1.8369343155502094
54,AF-01R1,M,301.55014791425054,311.4973603192309,1546.0525014152095,58.091333789721816,108.40511886893006,0,0,0,0,0,0,Annealing Furnace-01,3.9552003113508696
173,AF-02R3,M,305.1779317422242,314.2350522813602,1211.9150384756338,67.84311782621953,205.51268414357983,0,0,0,0,0,0,Annealing Furnace-02,1.1573217276399932
412,MM-03R8,L,303.52168300171644,313.9607184217098,1291.1655111579405,55.259280488808415,197.86873413439372,0,0,0,0,0,0,Milling Machine-03,2.8829875654619332
272,BC-01R5,M,299.6611975324421,308.94336144548544,1533.0244538439026,45.7317784644627,67.4124547579484,0,0,0,0,0,0,Billet Caster-01,1.2195032937643289
410,BC-02R6,H,304.66753260062467,314.6226509978123,1304.0771732790631,63.09573226801997,211.91645236437486,0,0,0,0,0,0,BOF Converter-02,0.22361733540626658
137,CTF-01R3,L,301.6295021362562,310.42190134046155,1505.784037501677,44.234693275847484,139.1005926139196,0,0,0,0,0,0,Cooling Tower Fan-01,1.249075065972768
296,CRM-02R6,M,302.5621352943471,313.577399326587,1415.9004336250537,47.02920504171729,146.42404028364737,0,0,0,0,0,0,Cold Rolling Mill-02,1.2462512777740238
128,MM-03R3,L,303.34490200486414,311.0021049671979,1479.2020686590529,53.57659504576662,163.69897348049764,0,0,0,0,0,0,Milling Machine-03,0.1
240,CTF-02R5,L,298.87104744340655,310.3962802131427,1551.8091668831569,48.86875363073523,12.533171318713496,0,0,0,0,0,0,Cooling Tower Fan-02,0.6938685618112083
251,BF-03R4,H,306.0439739448971,314.16752635393226,1225.0974927473176,64.44608347863257,189.2906460093318,0,0,0,0,0,0,Blast Furnace-03,1.8811495781084093
210,CB-01R5,L,300.1730102931409,309.1014483415744,1511.8694037099156,59.24237963620825,40.768010307130126,0,0,0,0,0,0,Conveyor Belt-01,1.145328576437668
46,BC-01R1,M,300.17710187799725,309.2284165884346,1594.1681865261278,35.12601494383527,80.73541028077976,0,0,0,0,0,0,Billet Caster-01,0.2677500717189996
333,DP-01R7,L,298.15148515750326,306.8875931897701,1624.9571361853286,37.69008221555634,3.325348953771204,0,0,0,0,0,0,Drill Press-01,2.601779447210486
227,CM-01R5,M,306.38315833546733,309.6934083084209,1260.1143484271943,63.70345537943036,209.98568231062853,1,1,0,0,0,0,CNC Machine-01,2.788764552438094
162,WPS-01R3,L,303.78033338162635,310.9051078294955,1557.7706681510485,50.792092879944036,122.83892352272231,0,0,0,0,0,0,Water Pump Station-01,0.6050176212233185
68,GM-01R2,L,300.6625968198909,315.809671723493,1440.5803792514132,58.538308124561574,200.71308432461302,0,0,0,0,0,0,Grinding Machine-01,1.2223548866645901
459,HRM-02R7,H,304.9962289724264,312.430923098152,1440.4872820486548,49.49522720014666,198.1963927534704,0,0,0,0,0,0,Hot Rolling Mill-02,0.1
424,TL-01R6,H,300.08438921209756,309.0383188625406,1540.9921957823797,47.12519095581406,20.42769283049843,0,0,0,0,0,0,Torpedo Ladle-01,1.4510324740906484
285,CM-01R6,M,301.098762817784,312.8786427396622,1441.0564335243712,46.85166855202167,155.26855713442583,0,0,0,0,0,0,CNC Machine-01,2.3890310729842885
247,BF-01R4,H,301.07840577762084,309.2541954456844,1414.942509783092,34.45744544911293,33.7590590504762,0,0,0,0,0,0,Blast Furnace-01,1.9868335941379844
242,SS-01R5,L,304.7655990991589,313.1551364509761,1457.1838245656422,55.980367928385164,145.01905081769982,0,0,0,0,0,0,Scrap Shredder-01,2.73973916395999
150,BF-02R3,H,310.1125454525235,318.9903923267791,1378.1294079470242,64.1434896577957,276.8144759850539,1,0,1,0,0,0,Blast Furnace-02,5.941531088250217
271,EAF-02R5,M,301.90025506624136,313.65312173978657,1497.7911537107911,57.32339078657678,97.20136588603839,0,0,0,0,0,0,Electric Arc Furnace-02,2.81915873026314
75,MM-01R2,L,309.52580245537814,324.20580276421396,1554.8534718707226,67.85178398395671,168.46737999521454,1,1,0,0,0,0,Milling Machine-01,2.5892849476839936
186,LM-01R4,M,314.89725526478514,322.2179201571861,1357.6888001043021,60.3874985098446,267.11626485736,1,0,1,0,0,0,Lathe Machine-01,3.588047278217544
96,HP-02R2,M,303.82084188525255,313.0724051718995,1421.1220112092296,44.816872130435364,173.09989303638773,0,0,0,0,0,0,Hydraulic Press-02,0.8091675757951606
398,GM-02R8,L,302.15605259340197,310.5800084462537,1406.7547169024238,53.474373233068434,90.167280985368,0,0,0,0,0,0,Grinding Machine-02,0.7620360550137197
160,HP-01R3,H,303.31138891183286,312.9554094993761,1427.5648823815131,55.24101233056265,194.58864115251058,0,0,0,0,0,0,Heavy Press-01,2.8632703097299594
17,HRM-02R1,H,304.8188203064175,316.25011275784453,1187.7739366814933,77.18568788524428,220.65724710148842,0,0,0,0,0,0,Hot Rolling Mill-02,1.564511780674763
187,HP-03R3,H,303.4810579004636,312.2382842221025,1341.490407640372,53.297022490459305,222.13902101136597,0,0,0,0,0,0,Heavy Press-03,1.5975418808814175
393,GM-01R8,L,298.8012090522019,308.48945835119764,1513.5376546443938,40.217903889651474,17.101478861239876,0,0,0,0,0,0,Grinding Machine-01,1.637740279897473
193,BC-02R3,H,299.11535929625353,308.6455641322905,1642.879539688981,40.10548258250762,75.02138427513101,0,0,0,0,0,0,BOF Converter-02,1.7653951936952763
498,SS-01R9,L,298.88145785751203,310.1444376212218,1562.4709875210722,47.79173463813181,55.148814104826215,0,0,0,0,0,0,Scrap Shredder-01,4.879504676954327
108,SC-01R2,H,299.19974598319845,310.8617804042173,1437.5760629388317,46.60385271574413,44.179977760817295,0,0,0,0,0,0,Slab Caster-01,1.033557725902317
58,CB-02R2,L,314.06559734966254,321.2041814307148,1291.7724654372919,77.21327369890224,257.4698537527672,1,0,1,0,0,0,Conveyor Belt-02,5.094180711319975
435,CM-01R9,M,304.23934359971537,312.71805902035067,1420.1166047651716,48.254388579282576,114.78914770652024,0,0,0,0,0,0,CNC Machine-01,1.1340522233367634
475,SC-02R7,H,301.4820708993866,307.06641407790073,1597.804767603002,53.25642878320966,103.41417225611283,0,0,0,0,0,0,Slab Caster-02,0.5096603695723152
62,CB-04R2,L,304.73012646515605,313.5569742236377,1214.1738734663286,62.071178028188015,209.08606814674437,0,0,0,0,0,0,Conveyor Belt-04,0.7572178954655329
334,HRM-02R5,H,305.5393619087111,315.72200130567313,1265.217342704326,66.66067733600434,222.83775396630156,0,0,0,0,0,0,Hot Rolling Mill-02,1.242833220898122
387,CM-02R8,M,304.68797666846143,313.09252067583753,1316.1319440438742,54.66336377573627,200.06302494663535,0,0,0,0,0,0,CNC Machine-02,1.674449804913932
31,CTF-01R1,L,303.05701193212167,315.7529760749283,1436.2058298402862,61.29943013446011,77.38205217508622,1,0,0,1,0,0,Cooling Tower Fan-01,4.601739992987291
327,MM-03R7,L,302.78116005042733,320.4168021429755,1527.22327053154,55.44091178961956,125.41811322545108,1,0,1,0,0,0,Milling Machine-03,4.974849078402206
255,HRM-01R4,H,301.0480347512402,311.07064986205637,1630.686074153426,46.868563192528995,54.97328706593964,0,0,0,0,0,0,Hot Rolling Mill-01,2.7093744704824028
463,GM-02R9,L,299.86325823973027,309.50377262473467,1475.692708437329,46.043830600898396,52.40323557105694,0,0,0,0,0,0,Grinding Machine-02,1.049830121191756
428,LK-01R6,H,300.7567995545768,309.5136940048831,1384.4562485123106,51.17996757298543,51.30990325789432,0,0,0,0,0,0,Lime Kiln-01,0.7341043397548033
112,SC-02R2,H,304.32685592467044,315.7867821519309,1194.631816028869,69.92477915343581,215.0098610364439,0,0,0,0,0,0,Slab Caster-02,0.3216209230173708
248,LM-02R5,M,303.40143595932466,314.70061135882014,1381.7899044049298,55.59146984900834,135.09217078632227,0,0,0,0,0,0,Lathe Machine-02,0.1
19,HRM-03R1,H,304.68829530377485,314.22405530919616,1202.5825834758652,73.15118189939518,234.87903457109863,0,0,0,0,0,0,Hot Rolling Mill-03,2.250282811388029
47,PSU-01R1,L,302.35194291137805,316.43195576829925,1303.6751231780331,63.48477629075383,169.95859202168919,0,0,0,0,0,0,Pellet Screening Unit-01,0.967483197003624
417,HP-02R8,M,303.2244839339127,316.1742066811773,1303.4250649818941,64.16198282652802,122.34994832371468,1,1,0,0,0,0,Hydraulic Press-02,1.6010235033778593
176,CM-02R4,M,304.82958448332107,303.7009382023834,1273.2689751690814,61.21905125214111,133.01587024128955,1,1,0,0,0,0,CNC Machine-02,0.28723820504771985
63,CM-01R2,M,302.94485032451536,309.0414490812131,1434.2221145158514,56.131307466035345,143.16766262562638,0,0,0,0,0,0,CNC Machine-01,2.465377129917312
438,PSU-01R8,L,298.35630721895427,310.1151850325543,1584.6664646107902,63.832934671227655,33.55875705562937,0,0,0,0,0,0,Pellet Screening Unit-01,0.2617718446086657
382,AF-02R7,M,297.89042611940397,310.2765681339495,1565.9275030346755,36.18703918591628,14.81018886368838,0,0,0,0,0,0,Annealing Furnace-02,2.1901588870250746
376,GL-01R7,M,305.0970152569511,319.1114715931512,1347.6771328923285,74.79549297403628,194.832699421105,1,0,0,1,0,0,Galvanizing Line-01,3.650122207186445
155,PSU-01R3,L,303.05027369942053,308.3573884411666,1487.644283435023,44.640629042636945,136.231099602717,0,0,0,0,0,0,Pellet Screening Unit-01,0.7966344279169733
109,BC-01R2,M,303.9200977431581,315.67139163900504,1216.9903669142002,79.76732589354154,197.21177289916025,0,0,0,0,0,0,Billet Caster-01,1.434555785591323
400,HRM-02R6,H,302.65848633118,314.972010494653,1387.1761049740383,51.137300947410516,175.8953725470054,0,0,0,0,0,0,Hot Rolling Mill-02,0.2961152560412177
95,HP-01R2,M,300.9686979896883,308.4018490005126,1458.4503445571552,51.832986740350265,24.189129558976497,0,0,0,0,0,0,Hydraulic Press-01,2.2834222550189067
330,BF-03R5,H,298.63945791479665,308.3696237339478,1583.9764075924077,48.498828518082945,23.70584910810066,0,0,0,0,0,0,Blast Furnace-03,0.1
466,HP-02R7,H,303.69233512812417,312.5328584976363,1388.7371916723362,69.39345570843703,156.42558512741297,0,0,0,0,0,0,Heavy Press-02,3.160641837475712
262,EAF-01R5,M,303.9158864356043,311.19380934362937,1522.5445830527115,55.735017354235744,183.7787554578137,0,0,0,0,0,0,Electric Arc Furnace-01,1.3629432863837048
38,HP-01R1,M,300.8868619377403,309.11236876143687,1581.8186550971882,41.49105621710824,119.4522864424486,0,0,0,0,0,0,Hydraulic Press-01,1.6084272946565459
352,CRM-02R7,M,304.23728573438984,313.99572773234706,1264.6387263934357,65.4171145661511,232.5447952350261,0,0,0,0,0,0,Cold Rolling Mill-02,2.226371097777951
140,CRM-03R3,M,305.98813128858626,315.33145322508983,1520.8270114966895,50.53450237890477,157.20414162402074,1,0,0,0,1,0,Cold Rolling Mill-03,3.7306396326272955
485,OSM-01R7,H,311.9704875690921,317.9648853330445,1222.384665513617,81.26151212934298,240.71018760082455,1,0,1,0,0,0,Ore Sintering Machine-01,7.278646084160873
257,HP-01R5,M,306.1667290368978,315.70279229686133,1186.4977036004248,78.72619996126136,233.43382547578125,1,1,0,0,0,0,Hydraulic Press-01,3.593538424132728
422,BC-01R8,M,299.90052375616534,306.7666523454544,1534.4773559829523,42.49297509489984,48.97415371782113,0,0,0,0,0,0,Billet Caster-01,1.6457779278657834
36,SC-01R1,H,299.4982025437093,308.78398988957946,1444.7465858630394,45.18457961592947,48.78797039876813,0,0,0,0,0,0,Slab Caster-01,1.2174378036183682
122,GM-03R3,L,305.90005687434115,311.77366971711905,1321.89267694536,58.71811049455241,177.35353413166496,0,0,0,0,0,0,Grinding Machine-03,2.092610020169984
279,GL-01R5,M,305.307919445059,313.42344258783356,1169.1579962494143,75.19968370686904,166.2434923421671,1,0,0,1,1,0,Galvanizing Line-01,3.1477656395124862
209,EAF-02R4,M,302.0689744904341,311.37042076692336,1474.8255010196092,45.77095213387612,102.37932402688139,0,0,0,0,0,0,Electric Arc Furnace-02,3.27012058961778
26,CRM-01R1,M,298.5408838506502,310.03826951300476,1534.6920247580936,38.5499663427133,19.50580881661867,0,0,0,0,0,0,Cold Rolling Mill-01,0.7300522633728568
446,BF-01R7,H,301.9951935780607,303.2127581992636,1440.207577833104,52.912938551616556,82.67112856923828,1,1,0,0,0,0,Blast Furnace-01,1.233468010708008
235,DP-03R5,L,301.9976626489775,310.09792545742727,1570.4296255812194,42.4404264854341,21.253998511078116,0,0,0,0,0,0,Drill Press-03,2.9845447537892253
261,CB-04R6,L,299.4117829831799,308.1642499622227,1360.18701857829,51.72853437662678,6.24825744618019,0,0,0,0,0,0,Conveyor Belt-04,1.6807931063013455
258,HRM-02R4,H,305.18790273252233,312.7312506166908,1203.2691661549645,63.3547836279823,209.5004067156997,0,0,0,0,0,0,Hot Rolling Mill-02,0.9037741892194164
2,CB-02R1,L,300.3104802464762,308.269485711612,1336.0023908304834,46.70207946985747,46.9869085256366,0,0,0,0,0,0,Conveyor Belt-02,1.8634063655130149
370,EAF-01R7,M,305.19616590755714,312.83516180082967,1216.1312501141695,58.41513674970701,217.09042939718313,0,0,0,0,0,0,Electric Arc Furnace-01,1.5130767450063478
154,EAF-01R3,M,300.32329224778846,310.3493528727832,1501.1116962217818,46.04088735478963,106.0210418565644,0,0,0,0,0,0,Electric Arc Furnace-01,2.675269005142106
60,OSM-01R1,H,301.4048303033907,310.5412478685857,1466.7587169760295,45.39411928835078,79.36229128237,0,0,0,0,0,0,Ore Sintering Machine-01,2.6866169475162045
277,DP-01R6,L,303.9550096224975,306.45304619748543,1292.762314809552,50.05724146170858,102.0441759017305,1,0,0,0,1,0,Drill Press-01,4.41796211062862
27,CRM-02R1,M,304.3023250333339,312.9206410405271,1212.1223489044278,64.88270887312814,196.47515224311604,0,0,0,0,0,0,Cold Rolling Mill-02,2.1955023139243766
402,HRM-03R6,H,305.46943901982513,313.9357094704803,1311.030710931583,62.163936878379225,220.3544773784479,0,0,0,0,0,0,Hot Rolling Mill-03,0.7409727898699332
273,BC-02R5,M,308.37862976384645,313.0519904769135,1133.1632916719143,72.30155149162115,187.95549725614214,1,1,0,0,0,0,Billet Caster-02,3.087491807793512
313,COB-01R4,H,307.2323167006764,312.7449702073262,1262.8550053836666,64.43598053322613,181.3363782125025,0,0,0,0,0,0,Coke Oven Battery-01,1.5468145415857624
473,SC-01R7,H,299.55073400459145,309.16561310899976,1612.9322024591052,48.94852598948223,56.19385508069941,0,0,0,0,0,0,Slab Caster-01,0.1
69,GM-02R2,L,296.6987478641663,308.7728441753566,1466.399601767731,52.88276380366892,1.4679031591041642,0,0,0,0,0,0,Grinding Machine-02,0.879099503115964
301,CRM-03R6,M,305.3061358922771,314.3658982710104,1188.0808133108105,87.89575909490826,235.56152586958353,0,0,0,0,0,0,Cold Rolling Mill-03,3.493765013934063
391,BF-03R6,H,305.71977584047875,314.14078971549895,1246.9747665911561,70.17915562072618,252.90109120480824,0,0,0,0,0,0,Blast Furnace-03,2.1993341135642894
195,CTF-02R4,L,302.58402276297153,322.4429508552351,1386.9116520132482,51.49550400379147,141.91815902173926,1,0,0,0,1,0,Cooling Tower Fan-02,3.8315126060065046
372,BC-01R7,M,307.72665237438184,314.2299653688897,1631.19837051775,51.64189417850881,42.27920764564321,1,1,0,0,0,0,Billet Caster-01,5.298845222023853
494,AF-02R9,M,313.3647870962987,329.98621870547686,1290.6174966781123,76.58967834123689,234.07383581706472,1,0,0,0,0,1,Annealing Furnace-02,5.555941217784535
222,GM-01R5,L,296.8691947000237,307.79093504684033,1436.3723328850635,35.93975419210369,44.77764427207663,0,0,0,0,0,0,Grinding Machine-01,1.9707123786535643
469,BC-01R7,H,299.1347407239399,306.06511703336287,1516.1403127806182,43.92722880729635,-14.71829358965796,0,0,0,0,0,0,BOF Converter-01,0.4435753422817486
87,DP-02R2,L,308.2667627051186,313.308486189194,1143.8173233711514,77.250113668785,247.2328321097333,1,0,0,0,1,0,Drill Press-02,3.8483451428661817
116,TL-01R2,H,305.9146163707521,315.38306241374056,1285.4771953165837,66.08069884220048,220.9783624732812,0,0,0,0,0,0,Torpedo Ladle-01,1.5476011440861832
127,CM-03R3,M,305.2446514233126,315.7413293835316,1273.3465890732912,60.78506388209431,243.46179058392818,0,0,0,0,0,0,CNC Machine-03,2.2544319355107336
115,GL-02R2,M,302.33567312458416,311.66214582323187,1543.9831885899569,36.8905944736517,122.73868122931005,0,0,0,0,0,0,Galvanizing Line-02,2.226320498152883
263,GM-01R6,L,304.07937508768185,311.35476695557725,1361.5447352415576,62.363717614036474,78.55345138918025,0,0,0,0,0,0,Grinding Machine-01,0.5635813139999906
324,BC-01R6,M,301.308819910872,311.83766871783956,1510.8106590851646,47.845635179540146,79.70809717213169,0,0,0,0,0,0,Billet Caster-01,1.3468505597736358
340,DP-03R7,L,303.8219242827237,309.1570688182875,1490.3865305315446,49.2060042845426,161.08670445320575,0,0,0,0,0,0,Drill Press-03,0.1
8,GM-01R1,L,300.64605506061423,310.1577340230309,1569.04446761582,50.817255399610644,86.73937167306651,0,0,0,0,0,0,Grinding Machine-01,0.1
233,OSM-02R3,H,298.92553672860276,308.4774270513707,1494.363315314751,36.51740468339067,45.36578644696276,0,0,0,0,0,0,Ore Sintering Machine-02,0.6532257496587226
339,AF-01R6,M,300.88781304663723,309.77024536325195,1507.7614281165238,53.680347621583046,131.61062865986227,0,0,0,0,0,0,Annealing Furnace-01,1.9285908843133759
495,COB-01R7,H,301.26854240887235,309.6414253525573,1718.271077362285,53.82399547422401,77.05850719043528,0,0,0,0,0,0,Coke Oven Battery-01,0.8721560465164366
78,BF-02R2,H,306.85764015273213,318.1824973956442,1339.3958319677358,61.084587986601555,295.6025766991029,1,0,1,0,0,0,Blast Furnace-02,3.0218128833343147
432,AF-02R8,M,299.38212034317405,310.14758465078387,1415.906837666223,50.13353781398531,51.28215804710441,0,0,0,0,0,0,Annealing Furnace-02,1.3319560456739334
360,SS-02R7,L,299.46587275385406,309.55406214080284,1419.6273763487704,49.66761845165095,52.424455882002746,0,0,0,0,0,0,Scrap Shredder-02,1.3116109432212322
455,LM-01R9,M,299.93840269407957,310.20944500607857,1569.6940788545407,37.45185605357521,62.09953343286388,0,0,0,0,0,0,Lathe Machine-01,1.5173959345421117
221,AF-01R4,M,303.88024799383527,312.5278054048681,1252.0863373951925,58.088554027117084,103.34299979039639,1,0,0,1,0,0,Annealing Furnace-01,2.8309415142771455
136,DP-03R3,L,297.76013858799075,308.22992292282083,1432.5393861624834,52.606421321055514,57.38829381375691,0,0,0,0,0,0,Drill Press-03,1.470652652607249
325,MM-02R7,L,305.46445864535485,314.4600330684677,1169.685859172023,74.61863104729511,201.97585783910395,1,1,1,0,0,0,Milling Machine-02,4.076634435019087
32,BC-01R1,H,304.165747659049,313.97462030480364,1242.911119462445,61.8275233194825,225.39329710805995,0,0,0,0,0,0,BOF Converter-01,0.35474355574738964
66,COB-01R1,H,301.8611108315425,304.9859586351771,1295.3620366497314,51.447553720787276,116.2382483605405,1,0,1,1,0,0,Coke Oven Battery-01,2.6529446919664026
83,HRM-02R2,H,306.07377622231667,322.906376562387,1535.585414055008,57.693857908373026,91.571561135584,1,1,0,0,0,0,Hot Rolling Mill-02,5.572357656848198
367,OSM-02R5,H,302.7591987106843,313.2239060603481,1516.137477495054,51.13439418333722,158.30440114094566,0,0,0,0,0,0,Ore Sintering Machine-02,1.1808612861426808
164,BC-02R3,M,299.43565212049356,307.8309014337407,1498.031079446036,46.20231959690069,33.372626526964865,0,0,0,0,0,0,Billet Caster-02,0.7475963889001579
366,PSU-01R7,L,298.24928107221564,309.91576167456014,1703.3837425567856,53.03913029054005,46.85611404084763,0,0,0,0,0,0,Pellet Screening Unit-01,2.076541353093787
39,SC-02R1,H,297.5138806398146,308.21953789834345,1422.5745708247498,39.01284275369845,82.09826448323503,0,0,0,0,0,0,Slab Caster-02,0.36322078281338416
480,BC-01R9,M,302.25691041809176,310.89591667582613,1363.5222651501629,62.192412505557776,211.92045648286043,0,0,0,0,0,0,Billet Caster-01,2.3752030123217827
431,AF-01R8,M,306.1954888250261,313.1830346119344,1225.4424053974021,73.61584450935332,209.33753678694507,0,0,0,0,0,0,Annealing Furnace-01,2.6426347629928477
357,SS-01R7,L,302.65679287829846,313.0664957402979,1495.2128701735035,56.00539931612846,101.52789085987148,0,0,0,0,0,0,Scrap Shredder-01,1.6881009781007532
390,CM-04R8,M,305.1334054113325,312.10047433051415,1186.014346149634,75.49850416536768,204.89647228176617,0,0,0,0,0,0,CNC Machine-04,2.7047942434512797
74,BF-01R2,H,301.7240461369266,311.9028474287374,1304.3430834659043,58.30852285172764,145.99807074284024,0,0,0,0,0,0,Blast Furnace-01,2.162974889108908
213,CB-02R5,L,304.819411764812,315.86881113985055,1652.2234399251367,63.56921795907642,55.21216339657913,1,0,0,0,0,1,Conveyor Belt-02,5.024858045120047
361,TL-02R5,H,313.9389872954197,317.8383070520054,1480.5739967086795,69.55685046098081,189.59369811399262,1,1,0,0,0,0,Torpedo Ladle-02,5.063927771178383
71,CRM-01R2,M,307.03568481629355,314.8218476887074,1208.055211925348,70.95381861725232,182.61173210930693,0,0,0,0,0,0,Cold Rolling Mill-01,1.483367167709923
375,COB-01R5,H,303.42567259951323,315.66186284031414,1376.0251710701925,51.887822116182384,174.0139087129539,0,0,0,0,0,0,Coke Oven Battery-01,1.0724923208760173
219,CB-04R5,L,302.04963600694526,309.79444027785064,1568.7572951574966,47.00670679729787,132.1681731955315,0,0,0,0,0,0,Conveyor Belt-04,0.11131876721790968
365,LM-03R7,M,306.9693405632714,314.6550552339638,1135.3672768380636,81.34456539924646,209.8467047288603,1,0,0,1,1,0,Lathe Machine-03,2.9744325333604094
91,CTF-01R2,L,299.5231997339602,308.24036432559205,1634.757964049265,52.845542727240684,52.2733392792279,0,0,0,0,0,0,Cooling Tower Fan-01,0.9516751916078118
1,CB-01R1,L,309.15551915537606,312.980420911174,1519.0674448950067,49.31867650605137,170.85518484328398,1,0,0,1,0,0,Conveyor Belt-01,2.727346062779321
146,LM-03R3,M,305.5994587736462,317.0987880559957,1164.5583930404619,69.70654065907564,261.7137204541728,0,0,0,0,0,0,Lathe Machine-03,1.6003185162562947
15,MM-01R1,L,304.7858104143242,315.36071757949645,1249.4246178768944,66.85296595201369,178.0921809932177,0,0,0,0,0,0,Milling Machine-01,1.4589996924899695
351,CTF-02R7,L,305.24919442854184,311.84793269516535,1217.643630937058,68.18915132187664,155.69037015269055,1,1,1,0,0,0,Cooling Tower Fan-02,3.5255084472741425
270,MM-02R6,L,302.19212752035685,311.74705245954067,1514.8976291930928,45.13603706285787,181.17390434752122,0,0,0,0,0,0,Milling Machine-02,0.3089081269846051
265,GM-02R6,L,302.018781936948,308.57001689699456,1536.676604595713,37.82255665778046,103.52843808428332,0,0,0,0,0,0,Grinding Machine-02,0.9508472362652616
429,SS-01R8,L,304.8194532721108,313.8937951352336,1223.6520220548189,64.1795498390656,232.74346730817737,0,0,0,0,0,0,Scrap Shredder-01,0.4664839745797989
354,CRM-03R7,M,303.38459999760585,313.95770739816544,1357.1052335125034,62.59017400827732,112.10000571278762,1,0,0,1,0,0,Cold Rolling Mill-03,2.24349140353926
399,LM-02R8,M,311.11639337136035,307.9805474420723,1413.6499484804763,61.96723712828749,292.44357505320914,1,0,0,0,1,0,Lathe Machine-02,4.8859939062460045
33,BC-02R1,H,304.00945312938904,311.0967482095962,1445.4980114709754,52.15003728774511,157.09737637727883,0,0,0,0,0,0,BOF Converter-02,1.2280596777415163
189,DP-02R4,L,298.5173703448875,308.47280292268624,1354.1758853117428,49.85515639306406,-27.029234972572233,0,0,0,0,0,0,Drill Press-02,1.7202232082568831
311,CB-03R7,L,298.1776166675926,305.6728319969445,1503.82344592824,52.75133663177348,-2.0586521405857177,0,0,0,0,0,0,Conveyor Belt-03,2.089781236109697
100,WPS-01R2,L,299.1194599560845,309.4183322473436,1574.392376456455,49.50252747052481,93.20603589982977,0,0,0,0,0,0,Water Pump Station-01,1.57634255898338
460,LM-03R9,M,297.9045901695266,310.8200005032151,1545.6153427477889,48.434082285222665,31.31124750649856,0,0,0,0,0,0,Lathe Machine-03,0.7056481180625149
77,MM-02R2,L,303.35504764525325,313.77662005193326,1239.0649934933301,63.16403078870328,175.3986778170756,0,0,0,0,0,0,Milling Machine-02,1.3377686924118006
120,GM-02R3,L,304.0541188202312,308.50932463922226,1264.2463823079604,46.51410354015486,108.39366644307162,1,0,0,0,1,0,Grinding Machine-02,4.728633310858663
441,CM-04R9,M,303.13253328196214,313.2340828323492,1507.668330551614,51.04403087949141,174.03870278814327,0,0,0,0,0,0,CNC Machine-04,2.9327365622502515
329,GL-01R6,M,303.0999454397453,309.30943111419924,1546.3645151252474,41.74305035696875,111.9119098982309,0,0,0,0,0,0,Galvanizing Line-01,2.028706851308171
57,CB-01R2,L,309.4285280999351,324.4974235621398,1445.6240334398087,71.91279398231195,234.57539018194797,1,0,1,0,0,0,Conveyor Belt-01,6.996668365895516
9,CM-03R1,M,302.36376337580447,312.71922407705665,1491.1458874265456,51.58078670779547,160.44983931326956,0,0,0,0,0,0,CNC Machine-03,1.499082118326551
449,CB-01R9,L,303.7837266198243,312.9523812856203,1324.40578474186,61.75934079876,195.45148936988028,0,0,0,0,0,0,Conveyor Belt-01,1.9995059507285133
35,LM-03R1,M,299.91141188128614,310.0323850107305,1617.6170719539666,46.82172150145229,14.09317499855738,0,0,0,0,0,0,Lathe Machine-03,0.9668841168920776
286,SC-01R4,H,305.98649244971034,316.82825187504585,1215.8089402488886,86.26664689857188,237.82007703631882,0,0,0,0,0,0,Slab Caster-01,2.1859657375710326
6,CM-02R1,M,300.43031687065945,313.2355467883474,1597.1860985737653,46.50921463891969,78.36497868990759,0,0,0,0,0,0,CNC Machine-02,1.7976751092008967
166,GL-01R3,M,301.5968577748083,309.6617599766771,1483.9739186048412,47.80853440427355,122.25579311409338,0,0,0,0,0,0,Galvanizing Line-01,1.3851165381560513
168,CB-03R4,L,307.37408330762554,316.4375927668994,1297.7265829921892,82.3224327976082,225.0573818564743,1,0,0,0,1,0,Conveyor Belt-03,2.212195964191544
59,CB-03R2,L,304.65625547082016,313.79746163769914,1161.0920018023476,64.13830144089445,245.64584585390125,0,0,0,0,0,0,Conveyor Belt-03,1.1067616771482855
84,DP-01R2,L,297.3641815267399,308.36095892012514,1531.6419311223751,40.00913147093666,18.54601172572827,0,0,0,0,0,0,Drill Press-01,2.3391423395011506
208,EAF-01R4,M,302.95175498659137,311.80219985914624,1415.6090868307547,56.54581825089464,133.6522433759663,0,0,0,0,0,0,Electric Arc Furnace-01,0.3973196874007337
4,CM-01R1,M,298.125852238506,311.57225373159224,1664.9064067977092,57.56485649582832,69.64862847581045,0,0,0,0,0,0,CNC Machine-01,3.618425892222628
40,TL-01R1,H,306.0902401527116,310.25233387441324,1209.4506640331458,60.7784417017655,99.06424591480982,1,0,1,1,0,0,Torpedo Ladle-01,4.78547266906053
34,LM-02R1,M,303.42246415860194,322.88222036951237,1505.7608026993312,41.14112585429834,105.21430060349182,1,1,0,0,0,0,Lathe Machine-02,4.1564973127565645
427,GL-01R8,M,299.6573221062557,309.9064460672427,1577.2537196766204,34.73078558897502,70.24285522908261,0,0,0,0,0,0,Galvanizing Line-01,1.6974949434937168
135,CRM-01R3,M,302.3814403903493,311.5894367796931,1536.0849524569617,54.61554209268442,119.870679506106,0,0,0,0,0,0,Cold Rolling Mill-01,3.4465203449614314
82,HRM-01R2,H,311.21272609707165,315.20360122455355,1232.997521570429,56.767931932778424,313.65834053899727,1,0,1,0,0,0,Hot Rolling Mill-01,2.5018589431504172
338,HP-02R5,H,303.07060204189,311.43846867242746,1407.8859089446669,55.47228793346082,61.508909649870404,1,0,1,0,0,0,Heavy Press-02,3.427081512466123
220,GL-02R4,M,301.9611621762973,314.4031378086108,1425.5466884685825,62.41569255236626,140.86038932099814,0,0,0,0,0,0,Galvanizing Line-02,0.10202690429283216
303,LM-01R6,M,305.9827665342885,317.2364248025391,1176.907332327621,74.29391987650358,260.19778962067585,0,0,0,0,0,0,Lathe Machine-01,2.044934931589246
18,MM-02R1,L,298.9217728097382,307.14386734119034,1473.6874802934142,50.760665407789986,4.498970558842887,0,0,0,0,0,0,Milling Machine-02,2.1851204964306152
42,EAF-01R1,M,303.88686304180186,312.66214674288364,1390.7999094688305,53.38359126795558,190.56175324918402,0,0,0,0,0,0,Electric Arc Furnace-01,1.2718052200468408
245,LM-01R5,M,302.7550554776125,306.255636441579,1381.408675726478,55.06373290652585,80.47304101122873,1,0,0,1,0,0,Lathe Machine-01,1.7984464047097626
44,EAF-02R1,M,305.1429524088026,313.8304901697635,1461.8080574236417,62.463388122359454,138.81889940429087,0,0,0,0,0,0,Electric Arc Furnace-02,3.3884174841715446
481,LK-01R7,H,302.8752164507742,313.66725375312797,1338.4130145319775,57.41315690346519,210.431434706209,0,0,0,0,0,0,Lime Kiln-01,1.4535653516056701
223,GM-02R5,L,297.01050637593147,309.8038745668642,1637.59177215959,39.35108670829052,-12.502274623014532,0,0,0,0,0,0,Grinding Machine-02,0.44609279903919086
5,BF-01R1,H,301.08928293281815,309.18765947255736,1442.900800637343,44.64210315216308,88.48259579312628,0,0,0,0,0,0,Blast Furnace-01,2.8466559305934265
423,CTF-02R8,L,297.69900292957476,309.32162406189207,1424.2133894482056,38.80693147935262,17.206121375671742,0,0,0,0,0,0,Cooling Tower Fan-02,1.0384091941057947
243,CRM-03R5,M,297.2845274461998,307.02572497996744,1707.086135304247,30.178987404458866,-8.722520709528698,0,0,0,0,0,0,Cold Rolling Mill-03,2.184374911333826
359,LM-02R7,M,299.12544398326065,307.5077881136129,1657.9297997041272,39.024249955451964,4.3976304163098465,0,0,0,0,0,0,Lathe Machine-02,1.7695918830235369
113,GL-01R2,M,299.41222965795714,309.969228455876,1607.9925757515437,34.35446946451827,99.9582120310879,0,0,0,0,0,0,Galvanizing Line-01,0.1
51,PSU-02R1,L,300.3496598181305,309.1707603729217,1578.4362226105031,45.932353436724526,25.271687964086702,0,0,0,0,0,0,Pellet Screening Unit-02,0.6782901465183928
401,GM-03R8,L,300.46244453972093,310.9780927478165,1549.4490624872328,42.351179914264904,80.93403325606359,0,0,0,0,0,0,Grinding Machine-03,0.9438810176022665
499,BF-03R8,H,301.38408917194965,309.2557521787377,1644.154693489143,38.88036374221828,54.18470476510945,0,0,0,0,0,0,Blast Furnace-03,1.0714770394352018
145,COB-01R2,H,299.3759717623107,308.52814025833055,1568.709478744981,38.697743243374596,30.481013680132527,0,0,0,0,0,0,Coke Oven Battery-01,0.28427615226422
344,CM-02R7,M,305.765149348107,313.69325669164573,1216.1350216635717,77.519622559096,256.3970277155957,0,0,0,0,0,0,CNC Machine-02,1.4567021529777444
300,PSU-01R6,L,301.17593517621856,307.97975243495426,1464.0384424586493,45.360670896411676,39.15804406488935,0,0,0,0,0,0,Pellet Screening Unit-01,0.7349743649349532
380,AF-01R7,M,302.63116388117544,309.33415442306125,1621.8578084742421,47.86210770173676,77.02605796168244,0,0,0,0,0,0,Annealing Furnace-01,2.6805403390171367
143,LM-02R3,M,306.6706585241062,315.9623384400468,1199.3867495562602,77.34443217809742,193.7487585746186,1,1,0,0,0,0,Lathe Machine-02,3.6805184406855096
369,HP-02R7,M,302.48767148664456,313.2738365939703,1140.7002809395756,70.49321098473841,129.64928817976,1,1,0,0,0,0,Hydraulic Press-02,1.842356982894061
414,HP-01R8,M,299.97421972324275,310.57252985608113,1588.4512115351356,40.28728570982061,56.15267961723448,0,0,0,0,0,0,Hydraulic Press-01,2.8138047104447317
256,CB-02R6,L,300.5203794954218,310.756083547933,1442.325542253409,51.38586329455529,109.70444419462862,0,0,0,0,0,0,Conveyor Belt-02,0.9839381400196233
309,CB-01R7,L,305.62700950523407,315.99032641850135,1160.2888446937388,74.7660836616602,162.19867192978245,1,1,1,0,0,0,Conveyor Belt-01,3.7765895129462144
312,CB-04R7,L,303.817267344121,313.46533141848255,1458.0609135277796,51.960219897911266,144.9934146121192,0,0,0,0,0,0,Conveyor Belt-04,0.5856428144830008
177,MM-01R4,L,304.25976213580236,312.41166279638566,1386.4690514208546,53.8282096080499,101.94886357180398,0,0,0,0,0,0,Milling Machine-01,0.5952144523858794
238,CTF-01R5,L,305.4974865299947,304.9115646176903,1160.3595119043002,62.92014531849112,131.18764751365825,1,1,1,0,0,0,Cooling Tower Fan-01,4.411922959426897
144,SS-01R3,L,303.7400862251785,314.0145887108784,1284.8520530623805,60.625675332384795,182.07303189655775,0,0,0,0,0,0,Scrap Shredder-01,0.11356484380323006
119,AF-02R2,M,307.4800270506051,324.23964599618824,1579.7694614232619,47.25745367635106,147.24044421425688,1,0,0,0,1,0,Annealing Furnace-02,4.475376491831435
362,LK-01R5,H,309.1590008750169,320.15681274468653,1511.1549599688258,59.96272336957862,202.0570622583566,1,0,0,0,0,1,Lime Kiln-01,6.746694084807011
133,CM-04R3,M,302.97293507301663,314.65256567566996,1287.4086058301202,56.789184920019174,212.32777757834126,0,0,0,0,0,0,CNC Machine-04,0.1688850659727491
386,CM-01R8,M,305.2636337806042,319.2131166880624,1408.0101533507864,64.93611435343499,218.96588769521705,1,1,0,0,0,0,CNC Machine-01,7.730092088896214
147,BF-01R3,H,298.4963294864385,310.50093315530256,1560.9906292201024,40.831706806153285,40.447177048957634,0,0,0,0,0,0,Blast Furnace-01,0.1
392,HRM-01R6,H,305.38309204313225,314.6339663766062,1391.4146839489458,54.48915889583125,195.3948430529704,0,0,0,0,0,0,Hot Rolling Mill-01,2.165146768454325
259,CB-03R6,L,306.0189713635709,315.2443588648092,1308.5879114936656,58.187831388358205,169.8157731902427,0,0,0,0,0,0,Conveyor Belt-03,0.1
411,SC-01R6,H,301.27816389276967,308.95029705958063,1536.8089790756917,48.345685455114385,124.47540193593031,0,0,0,0,0,0,Slab Caster-01,0.7719145685104762
101,HP-02R2,H,302.7152636785792,310.9488631831173,1466.8144750907907,46.91778669839624,103.04423694549885,0,0,0,0,0,0,Heavy Press-02,1.3899550015426174
289,SC-02R4,H,305.89075435188033,304.6159761486079,1168.560158016627,57.435521882972225,166.56744515132692,1,0,0,1,1,0,Slab Caster-02,2.0205509722105752
23,DP-01R1,L,304.7527517346563,315.09458012088953,1277.969091760679,63.44314699969912,186.13340278907165,0,0,0,0,0,0,Drill Press-01,1.8738617234624668
179,HP-02R3,H,299.87849063195443,309.88104261945983,1547.3727794429205,42.599924325166704,66.2974275324605,0,0,0,0,0,0,Heavy Press-02,0.13766010486056401
479,MM-03R9,L,299.60573370465494,309.88588728572984,1395.2837144734121,36.227881089066884,12.920897016467901,0,0,0,0,0,0,Milling Machine-03,1.4342425066494267
102,CB-01R3,L,299.6790116424972,307.4134708130984,1344.0876677553997,50.565217004818884,48.39432008678266,0,0,0,0,0,0,Conveyor Belt-01,1.4390183883665912
124,MM-01R3,L,298.50353676080744,310.2789947189346,1719.6481245513173,35.41980319762135,-4.34948071757357,0,0,0,0,0,0,Milling Machine-01,2.705245185364401
163,CB-01R4,L,297.4033342987416,308.3298077146443,1483.3174041246314,54.243541620590555,-5.9090708962334375,0,0,0,0,0,0,Conveyor Belt-01,0.7634244963665604
43,SS-01R1,L,304.54823259434704,313.5055027519946,1240.4873636331336,62.3007421546264,209.9329619914946,0,0,0,0,0,0,Scrap Shredder-01,0.1
464,GM-03R9,L,304.2331633129663,313.393627007818,1412.3480715665405,49.94872707708221,162.56265066911334,0,0,0,0,0,0,Grinding Machine-03,0.12688756965493053
349,CRM-01R7,M,301.62957046184357,314.03935610969745,1356.215860521667,48.73369221963235,160.3172632400107,0,0,0,0,0,0,Cold Rolling Mill-01,2.208965154104408
90,LM-03R2,M,298.2885191045339,309.9513646035328,1530.2439114733647,39.29950221452297,-24.135168569521017,0,0,0,0,0,0,Lathe Machine-03,1.5312415324515516
234,CM-03R5,M,306.2683594262008,314.15110627056714,1203.1498066904512,83.16914705270362,248.49333497837026,0,0,0,0,0,0,CNC Machine-03,0.6066883168624411
454,CRM-03R9,M,299.16732469935573,306.65674005919084,1667.0300832454,44.61239631623215,24.27337453971551,0,0,0,0,0,0,Cold Rolling Mill-03,0.5415264037271809
323,EAF-02R6,M,303.5725189334145,313.7113754140394,1500.2269620970062,55.40230593877959,173.83569105910948,0,0,0,0,0,0,Electric Arc Furnace-02,2.167140540573315
202,PSU-02R4,L,297.9263776288138,309.3405786688305,1612.2509892127034,34.91286369819214,-2.9339859178647316,0,0,0,0,0,0,Pellet Screening Unit-02,2.542854337044713
292,CM-03R6,M,301.03658171518464,309.3346563968172,1541.9601875483013,43.378910824776995,42.83037282813615,0,0,0,0,0,0,CNC Machine-03,0.8532054718536867
474,MM-02R9,L,304.4209683872991,326.84475498723424,1700.1373349834873,57.52806707157266,141.41577556979493,1,0,0,0,0,1,Milling Machine-02,3.8779964918031906
294,CRM-01R6,M,302.3712843581409,313.03307717608294,1623.5849412795187,49.01797369976909,74.58366114079512,0,0,0,0,0,0,Cold Rolling Mill-01,0.7409466845075277
191,CTF-01R4,L,298.4372413189528,309.532662368481,1469.0921175523904,43.30020874196189,50.675955286972,0,0,0,0,0,0,Cooling Tower Fan-01,1.0874959361844794
230,DP-01R5,L,308.3115167439587,323.12942600864795,1637.898741793949,57.092940112322474,158.61853024032033,1,0,0,0,0,1,Drill Press-01,8.222931141562377
216,GL-01R4,M,312.72958012992774,325.44915248336105,1332.3652454572202,66.333220507066,232.27158111570517,1,0,0,0,0,1,Galvanizing Line-01,2.5133625680902045
274,HP-03R4,H,304.00632810955904,312.10030295115627,1194.0110178556715,56.22669850636004,201.2250475682576,1,0,1,1,0,0,Heavy Press-03,3.3623592512227396
267,HP-02R4,H,303.6366574621447,312.43660993507564,1441.7106512549076,54.349756695773095,169.0603484059356,0,0,0,0,0,0,Heavy Press-02,0.7143321591098057
141,LM-01R3,M,304.6370436896356,311.88188038838155,1345.8199745490992,58.72175634802886,177.3374085408428,0,0,0,0,0,0,Lathe Machine-01,1.7270575378965058
302,LK-02R4,H,305.1097168436738,314.55490108808317,1335.1424747126985,66.47765958376462,199.01958051527296,0,0,0,0,0,0,Lime Kiln-02,0.45996292170075537
269,MM-01R6,L,304.47480889173033,314.5386507318847,1257.3975437799486,57.54494305346242,161.6639803916579,0,0,0,0,0,0,Milling Machine-01,2.8878442535286277
268,GM-03R6,L,308.2630645579703,323.02369587367286,1426.5164510776858,61.8396310818741,140.26128095883283,1,0,0,0,0,1,Grinding Machine-03,3.6020166193238086
443,CRM-01R9,M,302.9851035555139,309.63910148528345,1545.0820544341022,49.56346329703054,91.82671117612801,0,0,0,0,0,0,Cold Rolling Mill-01,0.15938550241057864
29,HP-03R1,H,305.27723590245955,313.82426473138923,1250.9918219821977,61.09712343151382,197.69994758480206,0,0,0,0,0,0,Heavy Press-03,1.4508663655035412
416,DP-03R8,L,306.8084739265154,322.64089020432823,1555.575113004956,64.56729246728122,87.73259719805856,1,1,0,0,0,0,Drill Press-03,3.353746205538779
134,OSM-01R2,H,311.3587397660599,322.65285159399707,1588.2242439587837,55.36966546808234,250.04541469370668,1,0,0,0,0,1,Ore Sintering Machine-01,5.607902924179587
190,DP-03R4,L,299.2741985563576,308.52638082149673,1683.925970898219,39.622854319558435,20.66020920349685,0,0,0,0,0,0,Drill Press-03,2.090349183223595
184,CRM-02R4,M,298.7437244656663,310.0145684154704,1537.1688883231568,47.99256113561662,58.52454467990135,0,0,0,0,0,0,Cold Rolling Mill-02,1.2657826904808822
304,OSM-01R4,H,303.9675557653392,312.68798879132254,1446.5619569866708,41.286324526368844,114.63917249882603,0,0,0,0,0,0,Ore Sintering Machine-01,1.1188728734977769
86,HP-01R2,H,309.50567766621356,318.59872794990724,1113.7639374148785,83.34343710895975,357.7464262778505,1,0,0,0,1,0,Heavy Press-01,2.7877444020254494
305,PSU-02R6,L,306.01782264246776,312.3152729672249,1216.009877759088,68.26223735154912,223.12752785417663,1,0,0,0,1,0,Pellet Screening Unit-02,3.099027024332892
55,LK-01R1,H,300.3905418293338,308.53083323828866,1536.1996606079515,43.793157149657986,27.223119708380807,0,0,0,0,0,0,Lime Kiln-01,0.3525459425600161
266,HP-01R4,H,299.053217195212,309.5684981902927,1669.859446231858,53.23178711160252,57.15932550687178,0,0,0,0,0,0,Heavy Press-01,0.5527213878705682
358,LM-01R7,M,301.1914563240633,310.1621404326794,1408.2133579859826,42.42529334555716,128.64727952618392,0,0,0,0,0,0,Lathe Machine-01,1.7793196356908447
462,HP-01R7,H,302.72354579668814,310.20241245560356,1382.2777521106314,47.523151170205225,80.04883384301003,0,0,0,0,0,0,Heavy Press-01,1.3846429491163692
321,MM-01R7,L,301.54746937363115,308.510408464655,1146.0395863151466,46.46945950356641,107.07276760706675,1,0,0,0,1,0,Milling Machine-01,2.998780602713945
41,HP-02R1,M,305.01486158613625,323.76605342373324,1561.4319422104809,52.694007871134346,66.30611064056583,1,0,0,0,1,0,Hydraulic Press-02,3.4144033116019767
241,COB-01R3,H,303.3545837142257,307.7941476236652,1311.851383308834,63.973537085305686,125.88452268536723,1,0,1,1,0,0,Coke Oven Battery-01,3.1226603967616167
456,CB-04R9,L,309.2451572123035,321.8452425420337,1404.7946893635801,48.08689870030063,256.8969877315983,1,0,0,1,0,0,Conveyor Belt-04,2.69296570284368
406,HP-03R6,H,302.76388757960615,303.5779571193593,1280.6347299914369,54.97127528784057,129.0399601513549,1,0,1,1,0,0,Heavy Press-03,2.507794156815079
97,PSU-01R2,L,297.1558496695235,306.7280107786311,1475.4670768862738,41.221692668825526,10.490888769483034,0,0,0,0,0,0,Pellet Screening Unit-01,0.8456336829466524
207,TL-02R3,H,301.31984556905144,302.97955955690827,1288.4691428317467,49.61874817012703,90.0183758093175,1,1,0,0,0,0,Torpedo Ladle-02,2.3414454761995103
290,TL-01R4,H,299.9340401039296,311.15003061060565,1410.0658165617692,41.32041149735626,115.16665226148689,0,0,0,0,0,0,Torpedo Ladle-01,2.2515048682958225
437,OSM-01R6,H,302.7643758830273,310.9547534547418,1593.3814743171365,53.31294036100451,138.6314123701365,1,0,0,0,0,1,Ore Sintering Machine-01,4.227094453912918
472,EAF-01R9,M,303.40948624954314,310.79890361915966,1363.3326898364546,68.47163094673927,158.2946848754607,1,1,0,0,0,0,Electric Arc Furnace-01,1.470238220862218
152,HRM-01R3,H,301.0957680995202,309.3315166441746,1695.7564001573933,42.675465070256344,86.80589366664881,0,0,0,0,0,0,Hot Rolling Mill-01,0.9728308633077781
111,CB-03R3,L,304.4730610001529,311.67843452242664,1440.9600227996464,56.69933375986504,204.16550013277654,0,0,0,0,0,0,Conveyor Belt-03,0.9462617783035172
76,CRM-03R2,M,307.87017557937986,318.1436501586634,1425.6453619435385,60.691861224291976,226.6817600045799,1,0,0,0,1,0,Cold Rolling Mill-03,3.5106930900450117
492,CTF-02R9,L,299.8393135979513,307.68256308932644,1566.1305060474197,48.10112654882452,48.413904809537435,0,0,0,0,0,0,Cooling Tower Fan-02,0.1
379,GL-02R7,M,305.10221199390577,313.5903169285077,1220.7600853868487,85.20985506112025,163.70643563909044,0,0,0,0,0,0,Galvanizing Line-02,1.6183810228621294
420,EAF-01R8,M,309.1412995453359,317.34778827473406,1446.463779315269,57.8141297710066,131.6235719392596,1,1,0,0,0,0,Electric Arc Furnace-01,4.274949685633392
444,COB-01R6,H,305.67327771189196,314.9670568630319,1224.6188570626082,79.13084424629737,217.9062025910276,0,0,0,0,0,0,Coke Oven Battery-01,1.4864634139668265
183,CRM-01R4,M,306.1168738376152,312.67807634309605,1311.2828836059407,67.05467147485625,265.1519080197933,0,0,0,0,0,0,Cold Rolling Mill-01,3.0847109452748036
30,LM-01R1,M,306.10656321233586,313.81352829136694,1190.9968099038392,88.51814025648592,226.5261226648418,0,0,0,0,0,0,Lathe Machine-01,0.4134600629972007
490,DP-03R9,L,300.17231106912175,310.6208944668197,1486.578128122472,38.527043665603244,103.96293356094353,0,0,0,0,0,0,Drill Press-03,2.6586624261791676
180,MM-02R4,L,300.0047521103975,308.7371612445769,1694.494497873545,41.57917388037467,16.182779057017,0,0,0,0,0,0,Milling Machine-02,0.6516544466723012
404,MM-01R8,L,299.22694878271,309.08967113475325,1500.081083586937,45.72252277464203,-5.7018808947115325,0,0,0,0,0,0,Milling Machine-01,2.4424603414617687
73,CRM-02R2,M,308.3967918695691,313.87315633542994,1441.7867696474482,53.81536232840746,162.84755328521445,1,1,0,0,0,0,Cold Rolling Mill-02,3.0462964485179165
319,GM-03R7,L,296.03091762926056,310.29723097155346,1466.6762088727662,42.01376530237083,27.988063985890694,0,0,0,0,0,0,Grinding Machine-03,1.9396155447076828
182,MM-03R4,L,297.4807914897329,309.0833170670036,1473.28031747615,47.96844667355319,43.24445464090388,0,0,0,0,0,0,Milling Machine-03,1.4850933751955229
348,CM-04R7,M,305.1582113935032,313.2909131063898,1157.8044463887954,74.91081946352183,232.79969500594893,0,0,0,0,0,0,CNC Machine-04,0.5726500011827946
197,LM-03R4,M,300.92221238060904,310.27124300911424,1627.0724825050431,45.14951092554083,70.63005244707794,0,0,0,0,0,0,Lathe Machine-03,0.7786951092225541
85,HRM-03R2,H,302.29963982656886,314.97893229124884,1258.8708240871265,68.95405583821002,189.4557449973312,0,0,0,0,0,0,Hot Rolling Mill-03,2.372114572203446
395,CRM-02R8,M,304.7291938201536,312.34812908113776,1323.1667440685976,61.59357012189219,196.79285375994994,0,0,0,0,0,0,Cold Rolling Mill-02,0.45206454501145454
298,SS-01R6,L,303.10668435539765,315.76201255421006,1589.6435956020741,61.46780613523003,126.52785144279697,1,0,1,0,0,0,Scrap Shredder-01,3.4279541708809487
11,BF-02R1,H,303.5600873236596,311.0046633654801,1262.0852507366938,73.74936076566182,189.22229358106017,0,0,0,0,0,0,Blast Furnace-02,3.1380266353514594
244,SS-02R5,L,304.6805349722698,313.43091058618614,1414.4540150162786,52.51380258632113,164.64187466866574,0,0,0,0,0,0,Scrap Shredder-02,1.7172506341002745
408,BC-01R6,H,303.6290944729139,310.1724410452255,1328.1505666735998,49.245752487632224,89.40289246382277,1,1,0,0,0,0,BOF Converter-01,1.970655511009791
224,GM-03R5,L,304.37822792717714,315.2893639236227,1238.3216133399908,68.17806778703282,201.7907952200771,0,0,0,0,0,0,Grinding Machine-03,1.0409939139278497
123,CM-02R3,M,303.09528195892784,326.02089903414776,1541.2257236493003,57.120975881332164,123.91266881385786,1,0,0,0,1,0,CNC Machine-02,4.554376224745411
478,EAF-02R9,M,308.9376454465371,319.0242583296385,1176.7002225454228,69.95374748258742,382.39340574749747,1,0,0,0,1,0,Electric Arc Furnace-02,4.6766746351187
347,CTF-01R7,L,299.8288722766509,308.7893078479123,1500.6455410992023,41.62404382744583,-6.780737689664637,0,0,0,0,0,0,Cooling Tower Fan-01,2.059222532554807
56,LK-02R1,H,299.42353375682654,310.7498889110709,1579.7375176519197,41.06215677363896,50.94831437231196,0,0,0,0,0,0,Lime Kiln-02,1.4023195345607038
310,CB-02R7,L,300.0950026503744,308.91337117341465,1548.9885726615373,44.5664050280069,58.05523791394552,0,0,0,0,0,0,Conveyor Belt-02,1.0202459077467798
225,AF-02R4,M,298.5192786559684,308.9910884846668,1688.1265309430967,41.13449326429597,8.373959761303983,0,0,0,0,0,0,Annealing Furnace-02,3.1450693098770865
484,BC-02R9,M,301.39360868956754,311.0612768991969,1523.0475238600422,40.49085540537652,196.65374142347702,0,0,0,0,0,0,Billet Caster-02,0.4758578113170076
110,BC-02R2,M,307.2556703249827,322.55576868539026,1419.5750408621182,67.9818498015608,291.2820685770864,1,0,1,0,0,0,Billet Caster-02,8.98455717479203
452,CB-03R9,L,301.0938762711627,311.91093622691915,1634.399600230839,44.08955553592751,108.34255564838354,0,0,0,0,0,0,Conveyor Belt-03,0.5096487711874294
396,CRM-03R8,M,299.6432160109719,309.66440086550716,1580.9893819793053,53.803929797373016,83.7470118342358,0,0,0,0,0,0,Cold Rolling Mill-03,1.9229581674897258
470,MM-01R9,L,299.7961981008061,310.45977216802913,1677.083710910539,42.20260774066908,27.48036044265003,0,0,0,0,0,0,Milling Machine-01,0.5395908820371952
153,HP-02R3,M,305.9220013067419,313.2485474121802,1228.5019703627393,66.53875546516039,230.6356452315847,0,0,0,0,0,0,Hydraulic Press-02,2.4714362485812145
284,DP-03R6,L,297.3077882385631,306.989098021187,1648.4101606671354,35.71963202622307,9.002518103826526,0,0,0,0,0,0,Drill Press-03,1.9129585615970837
178,CM-03R4,M,299.3736874772295,309.0406519087261,1456.7668212789417,48.05279239106513,56.36225364921981,0,0,0,0,0,0,CNC Machine-03,1.5512546959731437
497,BF-02R8,H,299.25101863054766,308.7987408086464,1394.8542837209907,42.80914990542743,15.255821028987018,0,0,0,0,0,0,Blast Furnace-02,0.71171576743892
371,EAF-02R7,M,299.7817769430506,307.22012179720235,1441.8136808686058,46.74571402823415,61.28905018561971,0,0,0,0,0,0,Electric Arc Furnace-02,1.2626488142967134
476,TL-01R7,H,302.01455605126705,312.2953426452984,1461.9999585372743,57.33096187966043,145.1205877460715,0,0,0,0,0,0,Torpedo Ladle-01,1.0120428633377012
211,LK-01R3,H,301.78451205191516,309.0787685156731,1503.7414985423632,40.08987076983452,31.062397736861634,0,0,0,0,0,0,Lime Kiln-01,0.722727004028551
388,CB-04R8,L,305.36015436493614,315.7096429917809,1184.4010510954736,71.5862153458612,263.74295400258706,0,0,0,0,0,0,Conveyor Belt-04,1.4065726577649753
377,BF-01R6,H,301.6553027508451,309.73951743514493,1351.6189581850401,57.91137938542333,91.15281288705285,1,1,0,0,0,0,Blast Furnace-01,1.8252597342693795
378,WPS-01R7,L,299.3064697008303,309.0615810441886,1649.0197900237208,41.64688587820312,77.08494526523499,0,0,0,0,0,0,Water Pump Station-01,0.7632347222449827
364,OSM-01R5,H,307.0907801584359,313.7729232533504,1242.9602926251866,89.39092238637306,259.28225143532654,0,0,0,0,0,0,Ore Sintering Machine-01,2.064303552376873
482,DP-01R9,L,297.86675145029375,306.4446637177251,1444.8810610617618,56.1227438648859,36.08115222904628,0,0,0,0,0,0,Drill Press-01,0.9103650128824434
175,GM-03R4,L,303.93733001652146,311.99151895493975,1496.3639606953927,41.496071723521744,167.81227127847168,0,0,0,0,0,0,Grinding Machine-03,0.31227403461435765
167,GL-02R3,M,299.0230687871428,307.87261918123704,1668.175439019198,50.7575690337648,12.927841241286586,0,0,0,0,0,0,Galvanizing Line-02,1.1135371179296034
229,MM-03R5,L,296.80970683039266,309.4224026839505,1573.261014551188,45.125669921984475,-8.265306836270454,0,0,0,0,0,0,Milling Machine-03,1.3039681200915219
282,AF-01R5,M,305.18779816800577,313.25885070163366,1256.9679931568642,64.02274317400258,168.06698719935898,0,0,0,0,0,0,Annealing Furnace-01,0.9699379260301063
281,GL-02R5,M,303.5481400477312,312.6377603094086,1481.9964639641423,50.933782241222076,169.17125671083846,0,0,0,0,0,0,Galvanizing Line-02,0.8652636016662231
93,SS-01R2,L,299.834307368455,308.5410664971945,1622.6005959595943,44.51950016417675,27.057857238843475,0,0,0,0,0,0,Scrap Shredder-01,0.868707075389259
439,CM-03R9,M,301.61731823310697,312.4786332373272,1479.9762359388694,57.73820018760443,162.13659516844507,0,0,0,0,0,0,CNC Machine-03,0.9963448584379149
98,EAF-01R2,M,299.0582538595858,309.42383134857744,1572.7549098184109,38.882041640502216,71.68661696049449,0,0,0,0,0,0,Electric Arc Furnace-01,1.0340680404893865
440,OSM-02R6,H,302.90613981557823,313.0149982054762,1351.9119822754774,63.14260624051321,166.77847398905982,0,0,0,0,0,0,Ore Sintering Machine-02,1.751361333166492
335,DP-02R7,L,298.9903242566348,309.11600230060736,1462.8470397110584,41.47440745453717,-4.772536991737493,0,0,0,0,0,0,Drill Press-02,0.5064827229202936
7,CB-04R1,L,301.46067075807076,308.31952561667816,1510.2633876125435,54.362781808133626,139.358217076982,0,0,0,0,0,0,Conveyor Belt-04,1.0393297997403521
346,CM-03R7,M,307.43463407742314,317.9756186396068,1520.7043689831692,64.19053110625002,146.15342688755382,1,0,0,0,1,0,CNC Machine-03,7.426201015437987
337,HP-01R5,H,306.0658873429258,316.6510965301062,1199.7568239142217,78.95683841503747,229.8442657224234,1,0,1,1,0,0,Heavy Press-01,2.5882634880666595
489,DP-02R9,L,305.3878169456501,314.72634627364926,1299.979485172824,58.79291611419021,200.74731341475436,0,0,0,0,0,0,Drill Press-02,0.4942027683766843
104,BC-01R2,H,299.2317462858659,311.58307363898086,1450.8989395405554,48.550802008646095,28.030525126822603,0,0,0,0,0,0,BOF Converter-01,1.478621057317303
249,BF-02R4,H,300.55801853511826,308.9375033664995,1476.8561258275754,40.02366143084398,32.79896112400239,0,0,0,0,0,0,Blast Furnace-02,0.1
328,BC-02R6,M,301.38776812070455,310.5145721800168,1527.9912585893194,54.346968810794046,137.29711007789675,0,0,0,0,0,0,Billet Caster-02,2.728252076348251
314,GM-01R7,L,308.0439323231086,318.3092872106753,1560.7931271585767,66.26340505319278,145.99970159369235,1,0,0,0,0,1,Grinding Machine-01,6.382126705106153
264,HRM-03R4,H,304.5174454529169,312.22404769399367,1355.2284371005096,71.08573753726407,170.63232237633713,0,0,0,0,0,0,Hot Rolling Mill-03,1.8171470996302463
129,DP-01R3,L,298.32424530895605,308.2242248158724,1459.0159855233173,41.08931790195181,41.00339681754045,0,0,0,0,0,0,Drill Press-01,1.7889438577301604
442,PSU-02R8,L,299.43223018681465,307.22780437668644,1565.825760398537,43.37183694740872,32.36004792809345,0,0,0,0,0,0,Pellet Screening Unit-02,1.2968199899994248
48,BC-02R1,M,302.8404768684788,311.66216411447044,1488.8079679649934,61.17712795455252,160.7814818976659,0,0,0,0,0,0,Billet Caster-02,1.641705724162497
64,OSM-02R1,H,303.3848728808149,313.8449536829291,1402.1491826198449,57.63517368980099,124.9030642321274,0,0,0,0,0,0,Ore Sintering Machine-02,1.3548182173885759
322,EAF-01R6,M,306.7581041914902,325.583188319873,1576.669140912221,46.28201574861165,74.1608109619174,1,0,0,1,0,0,Electric Arc Furnace-01,4.7212436811960865
488,GL-02R9,M,302.2599679294287,310.45581667011646,1459.36431090776,53.762668970485784,158.4406877178447,0,0,0,0,0,0,Galvanizing Line-02,2.217505501652857
20,HP-01R1,H,306.8346492835275,316.7813542181985,1560.8036102643498,48.0537121217976,62.704018266941645,1,0,1,0,0,0,Heavy Press-01,2.7131656131041693
3,CB-03R1,L,303.5499789067582,311.0576566434954,1410.3393646650431,47.15705786133941,152.76972921929442,0,0,0,0,0,0,Conveyor Belt-03,1.7122630445910756
142,OSM-02R2,H,306.9403243138246,312.43082728206826,1121.2357328044502,73.08149832025889,200.1163041130914,1,0,1,0,1,0,Ore Sintering Machine-02,4.4432115401473675
185,CRM-03R4,M,304.53725114612865,311.63234135417594,1403.9294230652367,62.29597043938825,149.21504386597368,0,0,0,0,0,0,Cold Rolling Mill-03,0.8056443845045241
192,BC-01R3,H,299.0973823415498,310.1261881221054,1686.014893258961,38.39776337991537,59.440419785114436,0,0,0,0,0,0,BOF Converter-01,1.9622119553340147
28,CRM-03R1,M,303.9046302796369,309.46060489353545,1498.6174205294892,51.13084674012969,89.60083076974168,0,0,0,0,0,0,Cold Rolling Mill-03,1.853415297436718
139,CRM-02R3,M,305.9603091926704,316.9175181365036,1667.4308780534388,53.70260413975023,132.4739236024731,1,0,0,0,1,0,Cold Rolling Mill-02,2.1888373843298714
418,SC-02R6,H,306.12250557547594,314.2152593741345,1195.155307869783,84.32139481381664,230.00951465958616,0,0,0,0,0,0,Slab Caster-02,2.444326029525313
493,AF-01R9,M,300.27453816376783,310.56272865508396,1516.040823598257,42.699871268155675,96.25047653867236,0,0,0,0,0,0,Annealing Furnace-01,0.1
159,HRM-03R3,H,315.8595396416963,330.4720674348033,1162.3740351344636,78.28142664374418,306.05142595147515,1,0,0,0,1,0,Hot Rolling Mill-03,7.289067583322975
433,SS-02R8,L,302.09391960129295,310.6165985158942,1474.9316012809863,48.22163939687928,91.24627197913858,0,0,0,0,0,0,Scrap Shredder-02,1.6879368588742796
345,BC-01R5,H,305.7363526930089,315.7529267462162,1256.4820863593504,66.2993337410895,213.7361619733632,0,0,0,0,0,0,BOF Converter-01,0.1
405,HP-02R6,H,301.4487220812445,311.31301126381953,1296.239006960464,58.24873364344566,120.73925421750387,1,1,0,0,0,0,Heavy Press-02,3.1697974083819136
341,AF-02R6,M,300.2367907379887,310.154351278183,1609.535666914667,39.21955168702828,103.9302077213107,0,0,0,0,0,0,Annealing Furnace-02,1.9087195199025195
165,CB-02R4,L,301.5908608292355,308.7180077582921,1487.43548909128,49.2714103132413,31.88962859943421,0,0,0,0,0,0,Conveyor Belt-02,0.1
318,BF-01R5,H,307.8692363982653,316.8803809450443,1267.4513113972182,83.10667096403012,214.98284683578876,1,0,1,1,0,0,Blast Furnace-01,3.4033924462547187
297,LK-01R4,H,300.4674785185018,312.0363522394382,1669.1425407561103,43.86653331041255,76.6263111464243,0,0,0,0,0,0,Lime Kiln-01,0.3484956367056248
353,SC-01R5,H,299.1192325733892,309.24808388874106,1515.0977763943301,40.73888189421744,45.77106979466973,0,0,0,0,0,0,Slab Caster-01,0.34069226089180693
228,MM-02R5,L,302.34257623054475,317.0561412147181,1473.7983527343422,55.38082946117127,117.26781158575211,1,0,0,0,0,1,Milling Machine-02,5.316713014693325
25,DP-03R1,L,298.9996260398555,309.04767325577205,1576.0226980354182,44.119961778165894,17.559719008514342,0,0,0,0,0,0,Drill Press-03,3.567369995547118
12,GM-03R1,L,305.42080899968687,311.22735494267795,1617.6180485713858,45.102024651795816,149.15952928243664,1,0,0,0,0,1,Grinding Machine-03,5.596136475512813
200,PSU-01R4,L,300.0615132352496,309.36884972410115,1383.305782181131,55.16946636364169,8.870331972989927,0,0,0,0,0,0,Pellet Screening Unit-01,2.377921443503334
487,OSM-02R7,H,304.42767027420774,313.7822392593192,1212.3134651236485,68.42943578703164,204.2047119697793,1,0,1,0,1,0,Ore Sintering Machine-02,4.704554819468933
368,HP-01R7,M,300.70874361961967,308.6093300673178,1491.8842915197465,44.46822851711287,123.07592479614178,0,0,0,0,0,0,Hydraulic Press-01,3.244230048065824
157,EAF-02R3,M,304.76471162354176,310.51353195639473,1267.2018879526026,60.19572416357815,213.30853144446385,1,1,0,0,0,0,Electric Arc Furnace-02,2.5838420680432566
24,DP-02R1,L,298.8656192556066,311.06859410220534,1565.446878721663,52.1442944329284,20.68705799123254,0,0,0,0,0,0,Drill Press-02,0.5316758886327102
280,DP-02R6,L,300.564565467733,308.195529789644,1571.2235196168194,34.13042507915444,38.07280882684161,0,0,0,0,0,0,Drill Press-02,1.4841679819051836
21,HP-02R1,H,305.1720496845523,315.76151371842934,1196.0388817018718,82.34714757922362,241.2948409898859,0,0,0,0,0,0,Heavy Press-02,0.7400098366607056
94,SS-02R2,L,301.361810159111,312.9904895683913,1337.2676584872422,70.84306946447678,120.17504836435914,1,0,0,0,1,0,Scrap Shredder-02,4.934450144857263
486,GL-01R9,M,304.7318137072033,311.25254508145485,1233.3877884622282,72.79931558779388,172.6656342407154,1,1,0,0,0,0,Galvanizing Line-01,2.7383709103361236
291,TL-02R4,H,305.6289745288493,311.71433799661804,1327.888397832506,50.12412991197303,158.54880465449833,0,0,0,0,0,0,Torpedo Ladle-02,0.13793084862660276
126,TL-02R2,H,299.0140423954336,310.44359005498734,1485.186023240474,57.80131763835876,25.63165340874421,0,0,0,0,0,0,Torpedo Ladle-02,1.5319046675440753
103,HP-03R2,H,301.8531489292982,308.902371512102,1487.7279150711279,37.16556450998812,80.40841197734215,0,0,0,0,0,0,Heavy Press-03,1.1695507499136486
80,LM-01R2,M,306.5817604276629,314.89440528262196,1153.1300194829976,76.20803271048399,237.91194208262033,1,1,0,0,0,0,Lathe Machine-01,3.4121878509769292
458,GM-01R9,L,299.91848383585705,311.3431295541297,1656.5128776015983,41.77060789061875,25.237778424593504,0,0,0,0,0,0,Grinding Machine-01,0.41403222213970925
188,DP-01R4,L,302.2082117820849,311.95615684581395,1563.799756178928,52.173261550896065,117.8733593022729,0,0,0,0,0,0,Drill Press-01,2.727885933696105
451,CB-02R9,L,304.9132965520822,312.7930219500538,1363.7658647938617,59.99951808729913,194.32853036420988,0,0,0,0,0,0,Conveyor Belt-02,0.1
496,BF-01R8,H,307.427124343607,313.4632947323437,1198.457506945875,65.81343365792108,236.29335425840816,1,0,1,1,0,0,Blast Furnace-01,2.201377983397877
88,DP-03R2,L,298.28538279766445,308.694309790347,1439.1753742216042,45.34616437649458,2.570455115151093,0,0,0,0,0,0,Drill Press-03,2.8624078773707318
125,MM-02R3,L,303.3568155249838,312.29149243884245,1419.4961319933836,51.367702755668184,168.82221956188468,0,0,0,0,0,0,Milling Machine-02,1.5827738270121248
92,CTF-02R2,L,301.49534518367125,309.9333437258455,1549.220915253515,46.09003292217168,44.45440543196316,0,0,0,0,0,0,Cooling Tower Fan-02,0.623382107353422
16,HRM-01R1,H,302.6667626184635,324.1034536252508,1651.014485294184,61.12592045311829,161.01785883101684,1,0,0,0,1,0,Hot Rolling Mill-01,6.711566772947072
430,GL-02R8,M,305.6020132229869,314.80535908909087,1258.7661170117294,71.26011709326353,215.30053018789988,0,0,0,0,0,0,Galvanizing Line-02,1.8141749460067431
236,CM-04R5,M,299.5661716690446,311.3263175448862,1531.3455875984612,37.066362093288795,81.50857214845081,0,0,0,0,0,0,CNC Machine-04,0.7098651372456517
81,BF-03R2,H,306.0643325148861,315.2289147129144,1637.4415334701525,64.1152675772293,105.37455580442729,1,0,0,1,0,0,Blast Furnace-03,8.020314333220107
483,LK-02R7,H,312.5471802338516,323.2533295778084,1211.8211368322159,78.60097869659506,286.04829850477006,1,0,0,0,0,1,Lime Kiln-02,6.987078133946413
118,AF-01R2,M,301.17469777857104,312.6684896802683,1441.0370739734738,48.63040853854873,69.8760357101341,0,0,0,0,0,0,Annealing Furnace-01,2.9429279086983438
156,PSU-02R3,L,304.17037033760306,313.6279109366114,1443.0046017885786,52.37154972298854,203.86197692347906,0,0,0,0,0,0,Pellet Screening Unit-02,1.0121316055612675
356,TL-01R5,H,303.0441557160482,312.34989534510794,1369.1751653543006,61.27420984048243,246.07088336398846,0,0,0,0,0,0,Torpedo Ladle-01,1.717799469901792
383,BF-02R6,H,303.20224232817765,312.51916926413935,1255.2808604297113,73.46168962872349,155.3546541225089,1,0,0,1,1,0,Blast Furnace-02,3.6001389396790806
218,OSM-01R3,H,300.2611887207076,309.2509191207189,1643.3418400385574,41.398694873711015,22.326531445176943,0,0,0,0,0,0,Ore Sintering Machine-01,2.672992812962327
342,CM-01R7,M,302.40092203628575,312.6376074194588,1466.0344100245247,48.78031962270517,161.0114125365696,0,0,0,0,0,0,CNC Machine-01,1.6517618788530677
413,DP-01R8,L,301.35009471123294,312.58344834717076,1485.6259384636417,51.00631745902888,152.21169330647808,0,0,0,0,0,0,Drill Press-01,1.7434062749166743
425,BC-02R8,M,302.14543250744106,309.6573076974234,1520.6455106731696,46.619229964046916,149.91785465774342,0,0,0,0,0,0,Billet Caster-02,1.3261293724590626
117,GM-01R3,L,297.5716472294273,308.7758139705436,1399.121551158632,43.75281804104972,-17.15225729095927,0,0,0,0,0,0,Grinding Machine-01,2.180263681814128
307,OSM-02R4,H,306.1217351205208,314.8876586917364,1157.8099487348616,82.1588593102015,230.65565801778837,0,0,0,0,0,0,Ore Sintering Machine-02,2.065855876386135
457,LM-02R9,M,302.6030841333484,312.06956615543925,1425.9062909254449,51.60233961077549,132.4179350062791,0,0,0,0,0,0,Lathe Machine-02,1.6603770798170798
436,CM-02R9,M,303.97783591325964,312.1824854916145,1426.5090282210676,39.19094075182346,155.4951550190515,0,0,0,0,0,0,CNC Machine-02,0.18662245209972894
465,HP-01R9,M,313.77912381473703,331.6533556875606,1223.82618246668,91.91407913192567,328.29627571686416,1,0,0,1,0,0,Hydraulic Press-01,7.692311391814876
201,SC-02R3,H,307.1387317671597,313.8562891388613,1200.5883494888574,72.2605344008311,161.14687443771825,1,0,1,0,1,0,Slab Caster-02,5.000722136627714
13,BF-03R1,H,304.8865384654318,316.3097061096629,1220.7888449151478,69.22193163052765,221.77393218285215,0,0,0,0,0,0,Blast Furnace-03,2.443907938955592
320,HP-02R6,M,306.4502955888618,321.7852848197513,1537.5210118159534,53.45623415487003,179.74642276446735,1,0,0,1,0,0,Hydraulic Press-02,3.977617081280405
170,GM-01R4,L,299.2711097502125,310.8857780568233,1659.7839074910971,37.36536965098529,45.70378057242041,0,0,0,0,0,0,Grinding Machine-01,0.42366329633287664
421,EAF-02R8,M,305.8960199352047,313.34576568018264,1191.8453967273774,78.5273660531591,207.63286793665546,1,0,0,1,1,0,Electric Arc Furnace-02,4.706301949002269
283,AF-02R5,M,297.4660870315689,307.62670367144983,1569.3939321355997,27.668811040658518,4.682737813315477,0,0,0,0,0,0,Annealing Furnace-02,0.34546207333060247
453,HRM-01R7,H,310.75903476163285,316.40420414248626,1206.45316282922,67.36610133541143,281.42315825231805,1,0,1,0,0,0,Hot Rolling Mill-01,3.6950998833467317
288,CM-02R6,M,304.61990405481106,314.9734563378435,1301.6238226074727,58.89285974895768,192.20242964306212,0,0,0,0,0,0,CNC Machine-02,0.8692061973690379
363,LK-02R5,H,305.600282516475,313.23550796640615,1354.5478032785834,59.13839160627234,163.02146488125268,0,0,0,0,0,0,Lime Kiln-02,1.0881595585842696
172,GM-02R4,L,298.5092737262396,309.75731627740055,1356.3259612171364,49.24262783629476,2.7382501659955008,0,0,0,0,0,0,Grinding Machine-02,0.10402242646159213
214,CB-03R5,L,302.3449932001467,309.8703660078337,1586.4483529273289,41.61042210354709,102.47223077371805,0,0,0,0,0,0,Conveyor Belt-03,2.54430656047323
336,HRM-03R5,H,302.96560948019146,310.65678339666584,1421.5445364971035,44.66559450860439,150.03497856803617,0,0,0,0,0,0,Hot Rolling Mill-03,1.4947531975811132
52,WPS-01R1,L,299.5701151398758,308.58044961742996,1590.3985304266705,42.83272839238336,11.34049088558801,0,0,0,0,0,0,Water Pump Station-01,1.9851877524452453
445,CRM-02R9,M,302.0667704677978,310.8915536647523,1396.2200757667756,61.36446059128673,109.34693667840573,1,0,0,1,0,0,Cold Rolling Mill-02,3.540375979714716
343,HP-03R5,H,300.9578856460272,310.08717405687946,1592.1288228294372,48.4942672433128,68.11513011568343,0,0,0,0,0,0,Heavy Press-03,1.7910340208412268
205,TL-01R3,H,304.08407449908174,314.01588073617353,1283.935666395629,64.4041941027419,145.9035083196597,1,0,0,1,1,0,Torpedo Ladle-01,2.3389655475958255
158,HRM-02R3,H,301.9820576701456,312.1774507117156,1449.510688170288,46.351541648838236,73.2186953413533,0,0,0,0,0,0,Hot Rolling Mill-02,0.5583922687813345
49,GL-01R1,M,299.784591887597,308.4337304529707,1603.3529623738596,41.34102693420852,-14.81317383777239,0,0,0,0,0,0,Galvanizing Line-01,1.642633686654228
151,BF-03R3,H,302.33434479736746,311.2364519873246,1504.957008199452,46.75286539739524,101.90720055143925,0,0,0,0,0,0,Blast Furnace-03,0.5993287666221748
308,LM-02R6,M,303.06405182485054,313.92170675016695,1365.0228061006944,45.7690762652272,176.0522468965956,0,0,0,0,0,0,Lathe Machine-02,1.542822798667521
447,BF-02R7,H,299.6937015625198,308.81194308893254,1557.9424961700856,40.160282912511384,50.835602152236206,0,0,0,0,0,0,Blast Furnace-02,0.3452967830802438
45,SS-02R1,L,304.20300358263813,313.8430745824502,1356.175808932517,52.25591119905528,172.46137365304176,0,0,0,0,0,0,Scrap Shredder-02,1.5753464075223678
169,CB-04R4,L,307.7007514341108,323.2703719420752,1365.7992375063961,75.72926498564762,115.75726959008048,1,0,0,1,0,0,Conveyor Belt-04,5.6573525981236195
373,PSU-02R7,L,298.70689170876085,306.7165967412759,1447.9092854777864,46.74630218479858,10.695628443405344,0,0,0,0,0,0,Pellet Screening Unit-02,1.0593886714566507
37,CTF-02R1,L,301.3271675279099,311.57434264292107,1429.2120498426932,58.655400034857244,158.72236582542902,0,0,0,0,0,0,Cooling Tower Fan-02,1.337646461263315
252,WPS-01R5,L,302.75999418356844,314.7240452323662,1449.5754694809946,52.61004135562646,154.9698432857275,0,0,0,0,0,0,Water Pump Station-01,2.335904049857914
419,CTF-01R8,L,304.9339986933513,313.7154324751468,1210.0021073782154,66.4823224257578,214.2359533877969,0,0,0,0,0,0,Cooling Tower Fan-01,0.4299210713748306
385,CB-03R8,L,301.7169255189855,313.21109768439504,1495.1843648622971,47.95449002127048,150.0809597876672,0,0,0,0,0,0,Conveyor Belt-03,1.7856011328493393
450,BF-03R7,H,307.4002079602721,311.043539126859,1221.774416733643,78.84912710031797,238.67561417248538,1,0,1,1,0,0,Blast Furnace-03,2.532824790159986
326,BF-02R5,H,304.5114045682207,313.7798165779396,1430.1442158859531,59.69850192924908,169.9121173053243,0,0,0,0,0,0,Blast Furnace-02,1.9089137770691347
260,HP-02R5,M,299.1731208593096,309.5151890527835,1591.0352861961185,47.54222403934468,-7.547386245720567,0,0,0,0,0,0,Hydraulic Press-02,1.2358880792128444
105,EAF-02R2,M,305.9744900240314,314.51097299747533,1282.6563691073356,58.01756382093002,225.7964434697364,0,0,0,0,0,0,Electric Arc Furnace-02,0.6806373324034177
53,GL-02R1,M,304.92320710011546,310.63839318084536,1363.1390390139652,50.38141146243155,132.63089722872894,0,0,0,0,0,0,Galvanizing Line-02,0.6024685562133861
212,BC-01R4,M,300.29538990355906,310.70245487502837,1378.0199054207937,51.174443211962064,72.99587336863523,0,0,0,0,0,0,Billet Caster-01,3.1382056033062047
331,HRM-01R5,H,305.5372442755021,306.858205467331,1222.3436177605365,67.39822781362268,163.75938235627635,1,0,0,1,1,0,Hot Rolling Mill-01,1.7712775911861962
199,SS-02R4,L,298.81442144016484,309.2787966527297,1448.9649137440092,48.85721404846921,48.20296015585404,0,0,0,0,0,0,Scrap Shredder-02,0.8096102390803978
384,CB-02R8,L,301.71669333710105,310.558371005085,1416.8839474894742,51.26758145339833,123.97435023469419,0,0,0,0,0,0,Conveyor Belt-02,0.1557588237256059
317,GM-02R7,L,306.4103981348841,325.8899586404457,1641.902931537774,64.09491308309849,117.43556183735492,1,0,0,1,0,0,Grinding Machine-02,4.814864207689658
250,PSU-02R5,L,314.7292348362506,321.07178565899017,1185.0541735876434,75.78591078488044,308.51895635394476,1,0,0,0,0,1,Pellet Screening Unit-02,6.836945194245797
138,CTF-02R3,L,300.27611263680393,309.89877904852,1597.5643509955858,41.28915306559896,34.99048010505311,0,0,0,0,0,0,Cooling Tower Fan-02,1.490774326763956
217,LK-02R3,H,304.93629458489977,316.08741921455805,1301.9884465005725,61.450291153857165,181.60410922753897,0,0,0,0,0,0,Lime Kiln-02,0.7158974473002157
403,HP-01R6,H,306.0699531201162,320.31942221780696,1442.5865385539612,66.97714840475604,220.26825577049948,1,1,0,0,0,0,Heavy Press-01,5.797336875843246
276,MM-03R6,L,305.3578964540816,315.53932816948884,1361.7212102291653,60.99883675525633,177.1669498168723,0,0,0,0,0,0,Milling Machine-03,2.0702211055935145
206,HP-02R4,M,301.14058201955106,311.3943784882156,1547.692459154836,40.31492476903965,77.62905356392618,0,0,0,0,0,0,Hydraulic Press-02,0.1
332,GL-02R6,M,296.8586735308509,308.63895573873765,1472.7842014983635,43.53209775672599,2.904671268482751,0,0,0,0,0,0,Galvanizing Line-02,0.1
468,HP-03R7,H,305.0958077870998,314.92343878816763,1243.4965707419135,65.53668860082834,163.55405422924053,1,0,0,1,1,0,Heavy Press-03,2.7971395037649165
254,CB-01R6,L,302.6691427864695,312.3000540743459,1455.0741646232043,65.82761957235866,108.48027689337434,0,0,0,0,0,0,Conveyor Belt-01,1.773867406211059
239,CRM-02R5,M,298.79470903946,307.3119854074166,1651.8722662612154,47.954262773625786,54.47823933912692,0,0,0,0,0,0,Cold Rolling Mill-02,1.4239986723900089
381,CB-01R8,L,301.31396918721856,311.3564208201857,1332.7439286442132,49.505083084720646,111.91489902802275,0,0,0,0,0,0,Conveyor Belt-01,2.3521226528537102
89,LM-02R2,M,299.5503207698309,310.21825287751665,1613.3446544703386,45.98299727764693,54.83357689147244,0,0,0,0,0,0,Lathe Machine-02,0.7048155033964676
389,CM-03R8,M,302.8874050736049,312.78777325686866,1402.8789225938256,56.96083229259948,177.67977848170494,0,0,0,0,0,0,CNC Machine-03,1.8094023978134852
315,LM-03R6,M,299.9151009778297,307.6168191017172,1559.04720620281,38.75516474667741,19.45900789715835,0,0,0,0,0,0,Lathe Machine-03,0.4705526119767365
231,CM-02R5,M,305.097931165085,312.5013230473673,1269.564924910661,64.45506187163949,203.80553082556685,0,0,0,0,0,0,CNC Machine-02,1.440850310624678
148,SS-02R3,L,301.49825452220875,311.23659390077455,1557.662262627048,50.18208628153298,127.80136174125805,0,0,0,0,0,0,Scrap Shredder-02,1.444714904269759
461,HRM-03R7,H,307.908901344526,322.7279736795799,1329.3156678803564,67.17587625334545,288.245511390625,1,0,1,0,0,0,Hot Rolling Mill-03,3.2976906183197654
415,DP-02R8,L,303.41428679444334,312.65134593855174,1366.185512538391,51.78419640443458,153.83941052694115,0,0,0,0,0,0,Drill Press-02,1.639585174560774
196,SC-01R3,H,300.2565894536136,309.0255615028917,1708.8895994157017,44.763519260859624,34.500550339972726,0,0,0,0,0,0,Slab Caster-01,2.3539585362284896
237,CRM-01R5,M,304.3358663135734,307.3346132566155,1657.5476180981204,48.24698551042192,122.43027070366553,1,0,1,0,0,0,Cold Rolling Mill-01,2.86657330310934
448,WPS-01R8,L,306.64683575866275,327.5102337745045,1439.7342256229608,53.90333143242683,69.14066338277505,1,0,1,0,0,0,Water Pump Station-01,7.904160813261831
161,BC-01R3,M,305.0282463009242,310.3417964831296,1412.9426684363552,62.216939158022925,177.2955239335013,0,0,0,0,0,0,Billet Caster-01,1.340993903457803
491,CTF-01R9,L,299.1325919773413,310.31912750072297,1467.0328554511018,47.86089679047431,30.72130795281928,0,0,0,0,0,0,Cooling Tower Fan-01,1.31966758754042
350,BC-02R5,H,310.37384784636896,323.9431354139112,1528.108320119349,46.678006075435036,277.9706182662053,1,0,0,0,1,0,BOF Converter-02,2.7041006197153825
293,CM-04R6,M,305.90935868078526,312.1996470062081,1374.5452365301273,66.20397103256481,150.531878685135,0,0,0,0,0,0,CNC Machine-04,1.5076693174237696
10,GM-02R1,L,308.6361559873117,324.564980162963,1647.7134558381254,57.70789708626582,181.46549203727406,1,0,1,0,0,0,Grinding Machine-02,6.839444110095188
467,HP-02R9,M,304.34890889308963,313.47553113529415,1145.248384953381,74.18834519954598,240.99047386658359,0,0,0,0,0,0,Hydraulic Press-02,0.5730719577578789
246,PSU-01R5,L,307.3671485011261,309.7677334040439,1211.3190063514517,72.33139227083039,240.0121813734945,1,0,0,0,1,0,Pellet Screening Unit-01,3.9169155534480895
70,CM-04R2,M,300.8894144773958,311.3242246423245,1715.6518178546523,52.853887536362826,56.2010697533688,0,0,0,0,0,0,CNC Machine-04,0.5917352422391717
